{
  "providers": {
    "awscloudformation": {
      "AuthRoleName": "amplify-taskapp-production-163431-authRole",
      "UnauthRoleArn": "arn:aws:iam::514064659756:role/amplify-taskapp-production-163431-unauthRole",
      "AuthRoleArn": "arn:aws:iam::514064659756:role/amplify-taskapp-production-163431-authRole",
      "Region": "us-east-1",
      "DeploymentBucketName": "amplify-taskapp-production-163431-deployment",
      "UnauthRoleName": "amplify-taskapp-production-163431-unauthRole",
      "StackName": "amplify-taskapp-production-163431",
      "StackId": "arn:aws:cloudformation:us-east-1:514064659756:stack/amplify-taskapp-production-163431/c8fccb90-da3e-11eb-9ee2-0aece6d977c1",
      "AmplifyAppId": "d1bgg47sdv69g7",
      "AuthTriggerTemplateURL": ""
    }
  },
  "auth": {
    "taskappde106242": {
      "service": "Cognito",
      "providerPlugin": "awscloudformation",
      "dependsOn": [],
      "customAuth": false,
      "providerMetadata": {
        "s3TemplateURL": "https://s3.amazonaws.com/amplify-taskapp-production-163431-deployment/amplify-cfn-templates/auth/taskappde106242-cloudformation-template.yml",
        "logicalId": "authtaskappde106242"
      },
      "lastPushTimeStamp": "2021-07-02T00:48:58.158Z",
      "output": {
        "UserPoolId": "us-east-1_6BCcNW4jt",
        "AppClientIDWeb": "2hmofm34a47gqjd9pb73218t55",
        "AppClientID": "3n93kd13ccsdo9qut85cf8l1cu",
        "IdentityPoolId": "us-east-1:f46af591-c5b3-4be0-8dc5-bfaefa670b0e",
        "UserPoolArn": "arn:aws:cognito-idp:us-east-1:514064659756:userpool/us-east-1_6BCcNW4jt",
        "IdentityPoolName": "taskappde106242_identitypool_de106242__production",
        "UserPoolName": "taskappde106242_userpool_de106242"
      },
      "lastPushDirHash": "wDqQ0FlcjOE94abXzm3ygM7FWu4="
    }
  },
  "api": {
    "taskapp": {
      "service": "AppSync",
      "providerPlugin": "awscloudformation",
      "output": {
        "authConfig": {
          "defaultAuthentication": {
            "authenticationType": "AMAZON_COGNITO_USER_POOLS",
            "userPoolConfig": {
              "userPoolId": "authtaskappde106242"
            }
          },
          "additionalAuthenticationProviders": []
        },
        "GraphQLAPIIdOutput": "bicwsjis6bfgjap2j4qps73enu",
        "GraphQLAPIEndpointOutput": "https://qlrplb77lzhcxaqgz7yfebsviq.appsync-api.us-east-1.amazonaws.com/graphql"
      },
      "lastPushTimeStamp": "2021-07-02T00:48:58.504Z",
      "providerMetadata": {
        "s3TemplateURL": "https://s3.amazonaws.com/amplify-taskapp-production-163431-deployment/amplify-cfn-templates/api/cloudformation-template.json",
        "logicalId": "apitaskapp"
      },
      "lastPushDirHash": "e0lbfzPbZnCmzkhpF99zK1gU/uk="
    }
  },
  "storage": {
    "TaskAppBucket": {
      "service": "S3",
      "providerPlugin": "awscloudformation"
    }
  }
}